{"cameraMode":{"drawMode":0,"name":"Shaded","section":"Shading Mode"},"sceneLighting":false,"audioPlay":false,"sceneViewState":{"m_AlwaysRefresh":false,"showFog":false,"showSkybox":false,"showFlares":false,"showImageEffects":false,"showParticleSystems":false,"showVisualEffectGraphs":true,"m_FxEnabled":true},"in2DMode":false,"pivot":{"x":0.19745975732803346,"y":0.7682079076766968,"z":0.12790004909038545},"rotation":{"x":-0.049291059374809268,"y":-0.6851248145103455,"z":0.0464964397251606,"w":-0.7253334522247315},"size":1.7721199989318848,"orthographic":false}