{"cameraMode":{"drawMode":0,"name":"Shaded","section":"Shading Mode"},"sceneLighting":false,"audioPlay":false,"sceneViewState":{"m_AlwaysRefresh":false,"showFog":true,"showSkybox":false,"showFlares":true,"showImageEffects":true,"showParticleSystems":true,"showVisualEffectGraphs":true,"m_FxEnabled":true},"in2DMode":false,"pivot":{"x":2.3591718673706056,"y":-2.564598560333252,"z":14.563637733459473},"rotation":{"x":0.14184530079364777,"y":0.028965001925826074,"z":-0.004461654461920261,"w":0.9900814890861511},"size":12.010858535766602,"orthographic":false}