{"cameraMode":{"drawMode":0,"name":"Shaded","section":"Shading Mode"},"sceneLighting":true,"audioPlay":false,"sceneViewState":{"m_AlwaysRefresh":false,"showFog":true,"showSkybox":true,"showFlares":true,"showImageEffects":true,"showParticleSystems":true,"showVisualEffectGraphs":true,"m_FxEnabled":true},"in2DMode":false,"pivot":{"x":0.07219219207763672,"y":-27.800962448120118,"z":161.91693115234376},"rotation":{"x":-0.11066669970750809,"y":0.024655042216181756,"z":0.0004414790018927306,"w":-0.9939257502555847},"size":79.0092544555664,"orthographic":false}