{"cameraMode":{"drawMode":0,"name":"Shaded","section":"Shading Mode"},"sceneLighting":true,"audioPlay":false,"sceneViewState":{"m_AlwaysRefresh":false,"showFog":true,"showSkybox":true,"showFlares":true,"showImageEffects":true,"showParticleSystems":true,"showVisualEffectGraphs":true,"m_FxEnabled":true},"in2DMode":false,"pivot":{"x":6.306339740753174,"y":-57.51377868652344,"z":119.87960815429688},"rotation":{"x":-0.27569758892059328,"y":-0.006820358335971832,"z":0.02918696403503418,"w":-0.9608611464500427},"size":67.54911041259766,"orthographic":false}