{"cameraMode":{"drawMode":0,"name":"Shaded","section":"Shading Mode"},"sceneLighting":true,"audioPlay":false,"sceneViewState":{"m_AlwaysRefresh":false,"showFog":true,"showSkybox":true,"showFlares":true,"showImageEffects":true,"showParticleSystems":true,"showVisualEffectGraphs":true,"m_FxEnabled":true},"in2DMode":false,"pivot":{"x":-28.427867889404298,"y":-29.200916290283204,"z":-32.850894927978519},"rotation":{"x":0.0821705162525177,"y":-0.9176002144813538,"z":0.2856996953487396,"w":0.26431819796562197},"size":35.270565032958987,"orthographic":false}