{"cameraMode":{"drawMode":0,"name":"Shaded","section":"Shading Mode"},"sceneLighting":false,"audioPlay":false,"sceneViewState":{"m_AlwaysRefresh":false,"showFog":true,"showSkybox":false,"showFlares":true,"showImageEffects":true,"showParticleSystems":true,"showVisualEffectGraphs":true,"m_FxEnabled":true},"in2DMode":false,"pivot":{"x":21.021642684936525,"y":-2.7504024505615236,"z":31.403491973876954},"rotation":{"x":-0.16635170578956605,"y":-0.07138839364051819,"z":0.01618853025138378,"w":-0.9837599992752075},"size":0.35907870531082156,"orthographic":false}