{"cameraMode":{"drawMode":0,"name":"Shaded","section":"Shading Mode"},"sceneLighting":false,"audioPlay":false,"sceneViewState":{"m_AlwaysRefresh":false,"showFog":true,"showSkybox":false,"showFlares":true,"showImageEffects":true,"showParticleSystems":true,"showVisualEffectGraphs":true,"m_FxEnabled":true},"in2DMode":false,"pivot":{"x":14.697885513305664,"y":0.2300119400024414,"z":13.910003662109375},"rotation":{"x":-0.03684705123305321,"y":0.0017677523428574205,"z":0.02401929721236229,"w":-1.000108003616333},"size":220.3772430419922,"orthographic":false}