{"cameraMode":{"drawMode":0,"name":"Shaded","section":"Shading Mode"},"sceneLighting":false,"audioPlay":false,"sceneViewState":{"m_AlwaysRefresh":false,"showFog":true,"showSkybox":false,"showFlares":true,"showImageEffects":true,"showParticleSystems":true,"showVisualEffectGraphs":true,"m_FxEnabled":true},"in2DMode":false,"pivot":{"x":948.1546020507813,"y":422.6329040527344,"z":0.956268310546875},"rotation":{"x":0.03927166014909744,"y":0.04159243777394295,"z":-0.0015638594049960375,"w":0.9984771609306336},"size":185.1259307861328,"orthographic":false}