{"cameraMode":{"drawMode":0,"name":"Shaded","section":"Shading Mode"},"sceneLighting":false,"audioPlay":false,"sceneViewState":{"m_AlwaysRefresh":false,"showFog":true,"showSkybox":false,"showFlares":true,"showImageEffects":true,"showParticleSystems":true,"showVisualEffectGraphs":true,"m_FxEnabled":true},"in2DMode":false,"pivot":{"x":859.7024536132813,"y":441.24993896484377,"z":9.808868408203125},"rotation":{"x":0.03927166014909744,"y":0.04159243777394295,"z":-0.0015638594049960375,"w":0.9984771609306336},"size":198.9102020263672,"orthographic":false}