{"cameraMode":{"drawMode":0,"name":"Shaded","section":"Shading Mode"},"sceneLighting":false,"audioPlay":false,"sceneViewState":{"m_AlwaysRefresh":false,"showFog":true,"showSkybox":false,"showFlares":true,"showImageEffects":true,"showParticleSystems":true,"showVisualEffectGraphs":true,"m_FxEnabled":true},"in2DMode":false,"pivot":{"x":13.73602294921875,"y":5.03900146484375,"z":29.472000122070314},"rotation":{"x":-0.15834948420524598,"y":0.45126935839653017,"z":-0.05299969017505646,"w":-0.8778852224349976},"size":0.48920881748199465,"orthographic":false}