{"cameraMode":{"drawMode":0,"name":"Shaded","section":"Shading Mode"},"sceneLighting":false,"audioPlay":false,"sceneViewState":{"m_AlwaysRefresh":false,"showFog":true,"showSkybox":false,"showFlares":true,"showImageEffects":true,"showParticleSystems":true,"showVisualEffectGraphs":true,"m_FxEnabled":true},"in2DMode":false,"pivot":{"x":-0.11360983550548554,"y":5.024850845336914,"z":-0.0009877681732177735},"rotation":{"x":0.16130509972572328,"y":-0.035890158265829089,"z":-0.020593419671058656,"w":0.9860778450965881},"size":2.0234060287475588,"orthographic":false}