{"cameraMode":{"drawMode":0,"name":"Shaded","section":"Shading Mode"},"sceneLighting":false,"audioPlay":false,"sceneViewState":{"m_AlwaysRefresh":false,"showFog":true,"showSkybox":false,"showFlares":true,"showImageEffects":true,"showParticleSystems":true,"showVisualEffectGraphs":true,"m_FxEnabled":true},"in2DMode":false,"pivot":{"x":0.09238815307617188,"y":1.346182942390442,"z":-0.1654496192932129},"rotation":{"x":0.07216484844684601,"y":0.3165215849876404,"z":0.05098498612642288,"w":-0.9456309676170349},"size":3.432525157928467,"orthographic":false}