{"cameraMode":{"drawMode":0,"name":"Shaded","section":"Shading Mode"},"sceneLighting":false,"audioPlay":false,"sceneViewState":{"m_AlwaysRefresh":false,"showFog":true,"showSkybox":false,"showFlares":true,"showImageEffects":true,"showParticleSystems":true,"showVisualEffectGraphs":true,"m_FxEnabled":true},"in2DMode":false,"pivot":{"x":-0.2770686149597168,"y":2.9229249954223635,"z":-0.7776806354522705},"rotation":{"x":0.07216484844684601,"y":0.3165215849876404,"z":0.05098498612642288,"w":-0.9456309676170349},"size":4.126674652099609,"orthographic":false}