{"cameraMode":{"drawMode":0,"name":"Shaded","section":"Shading Mode"},"sceneLighting":false,"audioPlay":false,"sceneViewState":{"m_AlwaysRefresh":false,"showFog":true,"showSkybox":false,"showFlares":true,"showImageEffects":true,"showParticleSystems":true,"showVisualEffectGraphs":true,"m_FxEnabled":true},"in2DMode":false,"pivot":{"x":-112.13893127441406,"y":-65.46197509765625,"z":24.485599517822267},"rotation":{"x":-0.018145304173231126,"y":-0.9807677268981934,"z":0.16315799951553346,"w":-0.11127153784036637},"size":1.4823050498962403,"orthographic":false}