{"cameraMode":{"drawMode":0,"name":"Shaded","section":"Shading Mode"},"sceneLighting":false,"audioPlay":false,"sceneViewState":{"m_AlwaysRefresh":false,"showFog":true,"showSkybox":false,"showFlares":true,"showImageEffects":true,"showParticleSystems":true,"showVisualEffectGraphs":true,"m_FxEnabled":true},"in2DMode":false,"pivot":{"x":0.6951632499694824,"y":0.8341453671455383,"z":0.6235088109970093},"rotation":{"x":0.0772985890507698,"y":0.32494449615478518,"z":-0.04348347336053848,"w":0.9425355792045593},"size":2.308192253112793,"orthographic":false}