{"cameraMode":{"drawMode":0,"name":"Shaded","section":"Shading Mode"},"sceneLighting":false,"audioPlay":false,"sceneViewState":{"m_AlwaysRefresh":false,"showFog":true,"showSkybox":false,"showFlares":true,"showImageEffects":true,"showParticleSystems":true,"showVisualEffectGraphs":true,"m_FxEnabled":true},"in2DMode":false,"pivot":{"x":-0.06970357894897461,"y":0.7089666724205017,"z":0.00748366117477417},"rotation":{"x":0.034463852643966678,"y":0.10462936758995056,"z":-0.019605915993452073,"w":0.9946396946907044},"size":0.9422740340232849,"orthographic":false}