{"cameraMode":{"drawMode":0,"name":"Shaded","section":"Shading Mode"},"sceneLighting":false,"audioPlay":false,"sceneViewState":{"m_AlwaysRefresh":false,"showFog":true,"showSkybox":false,"showFlares":true,"showImageEffects":true,"showParticleSystems":true,"showVisualEffectGraphs":true,"m_FxEnabled":true},"in2DMode":false,"pivot":{"x":5.885900974273682,"y":4.627413272857666,"z":8.59133529663086},"rotation":{"x":0.00015303261170629412,"y":-0.9955869317054749,"z":0.10020150989294052,"w":-0.001937231165356934},"size":3.927238941192627,"orthographic":false}