{"cameraMode":{"drawMode":0,"name":"Shaded","section":"Shading Mode"},"sceneLighting":false,"audioPlay":false,"sceneViewState":{"m_AlwaysRefresh":false,"showFog":true,"showSkybox":false,"showFlares":true,"showImageEffects":true,"showParticleSystems":true,"showVisualEffectGraphs":true,"m_FxEnabled":true},"in2DMode":false,"pivot":{"x":6.086679935455322,"y":4.424095630645752,"z":8.709332466125489},"rotation":{"x":-0.018145304173231126,"y":-0.9807677268981934,"z":0.16315799951553346,"w":-0.11127153784036637},"size":0.8660253882408142,"orthographic":false}