{"cameraMode":{"drawMode":0,"name":"Shaded","section":"Shading Mode"},"sceneLighting":false,"audioPlay":false,"sceneViewState":{"m_AlwaysRefresh":false,"showFog":true,"showSkybox":false,"showFlares":true,"showImageEffects":true,"showParticleSystems":true,"showVisualEffectGraphs":true,"m_FxEnabled":true},"in2DMode":false,"pivot":{"x":-11.259716987609864,"y":11.800880432128907,"z":6.330270290374756},"rotation":{"x":0.23174914717674256,"y":-0.03798383101820946,"z":0.0051048509776592258,"w":0.9724286198616028},"size":1.043115258216858,"orthographic":false}