{"cameraMode":{"drawMode":0,"name":"Shaded","section":"Shading Mode"},"sceneLighting":false,"audioPlay":false,"sceneViewState":{"m_AlwaysRefresh":false,"showFog":true,"showSkybox":false,"showFlares":true,"showImageEffects":true,"showParticleSystems":true,"showVisualEffectGraphs":true,"m_FxEnabled":true},"in2DMode":false,"pivot":{"x":2.6543567180633547,"y":11.749427795410157,"z":73.34841918945313},"rotation":{"x":0.12467950582504273,"y":-0.6594220995903015,"z":0.10680539906024933,"w":0.7341763973236084},"size":1.7896112203598023,"orthographic":false}