{"cameraMode":{"drawMode":0,"name":"Shaded","section":"Shading Mode"},"sceneLighting":false,"audioPlay":false,"sceneViewState":{"m_AlwaysRefresh":false,"showFog":true,"showSkybox":false,"showFlares":true,"showImageEffects":true,"showParticleSystems":true,"showVisualEffectGraphs":true,"m_FxEnabled":true},"in2DMode":false,"pivot":{"x":299.7502136230469,"y":-24.524871826171876,"z":541.8287353515625},"rotation":{"x":-0.12995924055576325,"y":0.025843337178230287,"z":-0.003588457126170397,"w":-0.9917184710502625},"size":766.0256958007813,"orthographic":false}