{"cameraMode":{"drawMode":0,"name":"Shaded","section":"Shading Mode"},"sceneLighting":false,"audioPlay":false,"sceneViewState":{"m_AlwaysRefresh":false,"showFog":true,"showSkybox":false,"showFlares":true,"showImageEffects":true,"showParticleSystems":true,"showVisualEffectGraphs":true,"m_FxEnabled":true},"in2DMode":false,"pivot":{"x":-0.09669256210327149,"y":-0.03293141722679138,"z":-0.10822898149490357},"rotation":{"x":0.046980809420347217,"y":-0.9499810338020325,"z":0.17114244401454926,"w":0.2593810558319092},"size":0.6700950264930725,"orthographic":false}